INSERT INTO Families VALUES(1,'Smith',3);
INSERT INTO Families VALUES(2,'Johnson',2);
INSERT INTO Families VALUES(3,'Williams',1);
INSERT INTO Families VALUES(4,'Brown',4);
INSERT INTO Families VALUES(5,'Jones',5);
INSERT INTO Families VALUES(6,'Garcia',4);
INSERT INTO Families VALUES(7,'Miller',3);
INSERT INTO Families VALUES(8,'Davis',5);
INSERT INTO Families VALUES(9,'Lopez',4);
INSERT INTO Families VALUES(10,'Wilson',3);
INSERT INTO Families VALUES(11,'Taylor',1);
INSERT INTO Families VALUES(12,'Jones',2);
INSERT INTO Families VALUES(13,'Young',1);
INSERT INTO Families VALUES(14,'Walker',4);
INSERT INTO Families VALUES(15,'Clark',5);
INSERT INTO Families VALUES(16,'Lee',4);
INSERT INTO Families VALUES(17,'Harris',3);
INSERT INTO Families VALUES(18,'Robinson',5);
INSERT INTO Families VALUES(19,'Thompson',5);
INSERT INTO Families VALUES(20,'Salem',4);

INSERT INTO Customers VALUES(1,'Mark Smith',TO_DATE('01-12-1985','mm-dd-yyyy'),'Male','Married','Engineer','123-44-3319','Y','mark@gmail.com',1);
INSERT INTO Customers VALUES(2,'Adam Johnson',TO_DATE('01-13-1985','mm-dd-yyyy'),'Male','Divorced','Manager','645-54-3320','N','AJ113@gmail.com',2);
INSERT INTO Customers VALUES(3,'Lily Williams',TO_DATE('09-10-1988','mm-dd-yyyy'),'Female','Married','Programmer','126-67-3591','Y','lIlyW@gmail.com',3);
INSERT INTO Customers VALUES(4,'John Brown',TO_DATE('09-25-1993','mm-dd-yyyy'),'Male','Single','Dentist','123-44-3322','Y','JOB11@gmail.com',4);
INSERT INTO Customers VALUES(5,'Dough Jones',TO_DATE('08-26-1989','mm-dd-yyyy'),'Male','Married','Teacher','946-73-3957','Y','ddouhh@gmail.com',5);
INSERT INTO Customers VALUES(6,'Stove Garcia',TO_DATE('09-09-1988','mm-dd-yyyy'),'Male','Divorced','Doctor','467-65-9764','N','sttove@gmail.com',6);
INSERT INTO Customers VALUES(7,'Bran Miller',TO_DATE('05-13-1989','mm-dd-yyyy'),'Male','separated','Worker','469-69-6734','Y','bbran@gmail.com',7);
INSERT INTO Customers VALUES(8,'Li David',TO_DATE('05-08-1978','mm-dd-yyyy'),'Male','Single','Cleaner','396-27-3726','N','lida@gmail.com',8);
INSERT INTO Customers VALUES(9,'Steve Lopez',TO_DATE('05-07-1983','mm-dd-yyyy'),'Male','Single','Programmer','243-14-5327','N','slope@gmail.com',9);
INSERT INTO Customers VALUES(10,'Bell Wilson',TO_DATE('06-07-2001','mm-dd-yyyy'),'Male','Married','Worker','756-18-6328','Y','bellw@gmail.com',10);
INSERT INTO Customers VALUES(11,'Jack Taylor',TO_DATE('09-08-1988','mm-dd-yyyy'),'Male','Married','Postman','204-44-3329','Y','jtyor@gmail.com',11);
INSERT INTO Customers VALUES(12,'Wall Jones',TO_DATE('05-08-1978','mm-dd-yyyy'),'Male','Divorced','Accountant','675-46-3530','N','wajon@gmail.com',12);
INSERT INTO Customers VALUES(13,'Le Young',TO_DATE('04-05-1997','mm-dd-yyyy'),'Male','Married','Manager','423-25-3331','Y','le1652@gmail.com',13);
INSERT INTO Customers VALUES(14,'Mark Walker',TO_DATE('01-14-1985','mm-dd-yyyy'),'Male','Single','Barber','863-74-3421','Y','mwker@gmail.com',14);
INSERT INTO Customers VALUES(15,'Jone Clark',TO_DATE('07-27-1999','mm-dd-yyyy'),'Male','Single','Bank Clerk','147-52-6745','Y','jclakr@gmail.com',15);
INSERT INTO Customers VALUES(16,'Brush Lee',TO_DATE('10-26-1985','mm-dd-yyyy'),'Male','Divorced','Chef','157-54-5634','N','brushle@gmail.com',16);
INSERT INTO Customers VALUES(17,'Potter Harries',TO_DATE('05-09-1978','mm-dd-yyyy'),'Male','Married','Postman','478-56-1287','Y','potterfan@gmail.com',17);
INSERT INTO Customers VALUES(18,'Jack Robinson',TO_DATE('03-06-1990','mm-dd-yyyy'),'Male','Cohabited','Driver','305-58-9451','N','jrob@gmail.com',18);
INSERT INTO Customers VALUES(19,'Andrea Thompson',TO_DATE('06-01-2000','mm-dd-yyyy'),'Male','Married','Worker','154-58-4793','Y','andthomp@gmail.com',19);
INSERT INTO Customers VALUES(20,'Mark Salem',TO_DATE('03-08-1968','mm-dd-yyyy'),'Male','Divorced','Programmer','487-46-4782','Y','salemark@gmail.com',20);
INSERT INTO Customers VALUES(21,'Tommy Smith',TO_DATE('05-13-1989','mm-dd-yyyy'),'Male','Single','Baker','321-24-9786','N','tomsmith@gmail.com',1);
INSERT INTO Customers VALUES(22,'Alisa Brown',TO_DATE('07-24-1996','mm-dd-yyyy'),'Female','Married','Artist','284-89-4863','Y','Alisa22@gmail.com',4);
INSERT INTO Customers VALUES(23,'Emma Johnson',TO_DATE('09-11-1988','mm-dd-yyyy'),'Female','Divorced','Lawyer','485-78-2934','Y','EmmaJo@gmail.com',2);
INSERT INTO Customers VALUES(24,'Ryan Miller',TO_DATE('10-06-1994','mm-dd-yyyy'),'Male','Cohabited','Singer','485-58-6943','N','rruan@gmail.com',7);
INSERT INTO Customers VALUES(25,'Jack Brown',TO_DATE('02-04-1989','mm-dd-yyyy'),'Male','Single','Nurse','479-12-9621','Y','JackB@gmail.com',4);
INSERT INTO Customers VALUES(26,'Lon David',TO_DATE('09-07-2000','mm-dd-yyyy'),'Male','Married','Postman','486-23-9349','Y','longs@gmail.com',8);
INSERT INTO Customers VALUES(27,'Brain Lopez',TO_DATE('06-05-1994','mm-dd-yyyy'),'Male','Divorced','Manager','286-36-7942','Y','blopz@gmail.com',9);
INSERT INTO Customers VALUES(28,'Kidden Lopez',TO_DATE('02-14-1989','mm-dd-yyyy'),'Male','Cohabited','Worker','364-69-3189','N','Kidde@gmail.com',9);
INSERT INTO Customers VALUES(29,'Ada Brown',TO_DATE('08-10-2005','mm-dd-yyyy'),'Female','Single','Dentist','781-56-3217','N','Adab@gmail.com',4);
INSERT INTO Customers VALUES(30,'Jerson Walker',TO_DATE('05-06-1978','mm-dd-yyyy'),'Male','Widowed','Driver','256-28-6984','N','jerwalk@gmail.com',14);
INSERT INTO Customers VALUES(31,'Andrea Walker',TO_DATE('05-26-1994','mm-dd-yyyy'),'Male','Married','Shop assistant','486-17-3488','Y','anwalker@gmail.com',14);
INSERT INTO Customers VALUES(32,'Josf Miller',TO_DATE('05-07-1978','mm-dd-yyyy'),'Male','Cohabited','Dancer','186-64-9731','N','josse@gmail.com',3);
INSERT INTO Customers VALUES(33,'Jenny Smith',TO_DATE('05-25-2005','mm-dd-yyyy'),'Female','Single','Student','530-45-9234','Y','Jensm@gmail.com',1);
INSERT INTO Customers VALUES(34,'Jack David',TO_DATE('05-27-1987','mm-dd-yyyy'),'Male','Married','Programmer','459-21-9848','Y','jjackc@gmail.com',8);
INSERT INTO Customers VALUES(35,'Li Walker',TO_DATE('04-14-1986','mm-dd-yyyy'),'Male','Cohabited','Actor','239-75-1964','N','lizalk@gmail.com',14);
INSERT INTO Customers VALUES(36,'Jack Jones',TO_DATE('05-09-1978','mm-dd-yyyy'),'Male','Single','writer','954-33-5931','Y','jjckk@gmail.com',5);
INSERT INTO Customers VALUES(37,'Stven Clark',TO_DATE('05-16-1978','mm-dd-yyyy'),'Male','Married','Doctor','482-36-6742','N','stven@gmail.com',15);
INSERT INTO Customers VALUES(38,'Lucy Jones',TO_DATE('09-13-1988','mm-dd-yyyy'),'Female','Divorced','Postman','369-74-5214','Y','llucc@gmail.com',5);
INSERT INTO Customers VALUES(39,'Ada Clark',TO_DATE('04-14-1986','mm-dd-yyyy'),'Male','Single','Worker','238-59-3176','N','adaclak@gmail.com',15);
INSERT INTO Customers VALUES(40,'Sarah Wilson',TO_DATE('10-24-1973','mm-dd-yyyy'),'Female','Married','Manager','128-69-3246','Y','sarson@gmail.com',10);
INSERT INTO Customers VALUES(41,'Jack Lee',TO_DATE('09-05-1999','mm-dd-yyyy'),'Male','Cohabited','Programmer','159-35-1462','N','jackLee@gmail.com',16);
INSERT INTO Customers VALUES(42,'Tom Garcia',TO_DATE('05-25-2005','mm-dd-yyyy'),'Male','Single','Worker','267-21-4896','N','ttom@gmail.com',6);
INSERT INTO Customers VALUES(43,'Ross Harris',TO_DATE('08-08-1994','mm-dd-yyyy'),'Female','Divorced','Driver','359-74-1658','Y','harose@gmail.com',17);
INSERT INTO Customers VALUES(44,'Fly Lee',TO_DATE('09-14-1988','mm-dd-yyyy'),'Male','Single','Police officer','138-49-2579','N','flysee@gmail.com',16);
INSERT INTO Customers VALUES(45,'Ross David',TO_DATE('05-02-1987','mm-dd-yyyy'),'Female','Married','Doctor','167-54-5982','Y','beautyross@gmail.com',8);
INSERT INTO Customers VALUES(46,'Steck Robinson',TO_DATE('09-25-1998','mm-dd-yyyy'),'Male','Married','Manager','462-15-3697','N','stevenrob@gmail.com',18);
INSERT INTO Customers VALUES(47,'Steven Jones',TO_DATE('01-01-1999','mm-dd-yyyy'),'Male','Single','Director','126-58-3149','Y','steve@gmail.com',5);
INSERT INTO Customers VALUES(48,'Jenefer Thompson',TO_DATE('01-25-1998','mm-dd-yyyy'),'Female','Divorced','Driver','157-64-8912','Y','jenythomp@gmail.com',19);
INSERT INTO Customers VALUES(49,'Andrea  Garcia',TO_DATE('10-24-1973','mm-dd-yyyy'),'Male','Married','Dentist','436-81-7926','Y','aadrean@gmail.com',6);
INSERT INTO Customers VALUES(50,'Lee Salem',TO_DATE('09-21-1968','mm-dd-yyyy'),'Male','Married','Farmer','298-46-5831','N','SalemLee@gmail.com',20);


INSERT INTO Addresses VALUES(1,'Main St','1','Fairfax','Va','22032');
INSERT INTO Addresses VALUES(1,'Hallow St','302','Fairfax','Va','22032');
INSERT INTO Addresses VALUES(2,'Hallow St','2','Fairfax','Va','22032');
INSERT INTO Addresses VALUES(2,'Lee Hwy','405','Fairfax','Va','22032');
INSERT INTO Addresses VALUES(3,'Guinea Rd','3','Fairfax','Va','22032');
INSERT INTO Addresses VALUES(3,'Lee Hwy','506','Fairfax','Va','22032');
INSERT INTO Addresses VALUES(4,'Lee Hwy','4','Fairfax','Va','22032');
INSERT INTO Addresses VALUES(4,'Guinea Rd','705','Fairfax','Va','22032');
INSERT INTO Addresses VALUES(5,'Guinea Rd','5','Fairfax','Va','22032');
INSERT INTO Addresses VALUES(5,'Lee Hwy','304','Fairfax','Va','22032');
INSERT INTO Addresses VALUES(6,'Lee Hwy','6','Fairfax','Va','22032');
INSERT INTO Addresses VALUES(7,'Main St','7','Fairfax','Va','22032');
INSERT INTO Addresses VALUES(8,'Guinea Rd','8','Fairfax','Va','22032');
INSERT INTO Addresses VALUES(9,'Hallow St','9','Fairfax','Va','22032');
INSERT INTO Addresses VALUES(10,'Guinea Rd','10','Fairfax','Va','22032');
INSERT INTO Addresses VALUES(11,'Lee Hwy','11','Fairfax','Va','22032');
INSERT INTO Addresses VALUES(12,'Hallow St','12','Fairfax','Va','22032');
INSERT INTO Addresses VALUES(13,'Guinea Rd','13','Fairfax','Va','22032');
INSERT INTO Addresses VALUES(14,'Main St','14','Fairfax','Va','22032');
INSERT INTO Addresses VALUES(15,'Lee Hwy','15','Fairfax','Va','22032');
INSERT INTO Addresses VALUES(16,'Hallow St','16','Fairfax','Va','22032');
INSERT INTO Addresses VALUES(17,'Guinea Rd','17','Fairfax','Va','22032');
INSERT INTO Addresses VALUES(18,'Main St','18','Fairfax','Va','22032');
INSERT INTO Addresses VALUES(19,'Main St','19','Fairfax','Va','22032');
INSERT INTO Addresses VALUES(20,'Guinea Rd','20','Fairfax','Va','22032');
INSERT INTO Addresses VALUES(21,'Main St','21','Fairfax','Va','22032');
INSERT INTO Addresses VALUES(22,'Hallow St','22','Fairfax','Va','22032');
INSERT INTO Addresses VALUES(23,'Main St','23','Fairfax','Va','22032');
INSERT INTO Addresses VALUES(24,'Main St','24','Fairfax','Va','22032');
INSERT INTO Addresses VALUES(25,'Guinea Rd','25','Fairfax','Va','22032');
INSERT INTO Addresses VALUES(26,'Main St','26','Fairfax','Va','22032');
INSERT INTO Addresses VALUES(27,'Hallow St','27','Fairfax','Va','22032');
INSERT INTO Addresses VALUES(28,'Lee Hwy','28','Fairfax','Va','22032');
INSERT INTO Addresses VALUES(29,'Main St','29','Fairfax','Va','22032');
INSERT INTO Addresses VALUES(30,'Main St','30','Fairfax','Va','22032');
INSERT INTO Addresses VALUES(31,'Lee Hwy','31','Fairfax','Va','22032');
INSERT INTO Addresses VALUES(32,'Main St','32','Fairfax','Va','22032');
INSERT INTO Addresses VALUES(33,'Lee Hwy','33','Fairfax','Va','22032');
INSERT INTO Addresses VALUES(34,'Hallow St','34','Fairfax','Va','22032');
INSERT INTO Addresses VALUES(35,'Hallow St','35','Fairfax','Va','22032');
INSERT INTO Addresses VALUES(36,'Guinea Rd','36','Fairfax','Va','22032');
INSERT INTO Addresses VALUES(37,'Main St','37','Fairfax','Va','22032');
INSERT INTO Addresses VALUES(38,'Guinea Rd','38','Fairfax','Va','22032');
INSERT INTO Addresses VALUES(39,'Main St','39','Fairfax','Va','22032');
INSERT INTO Addresses VALUES(40,'Lee Hwy','40','Fairfax','Va','22032');
INSERT INTO Addresses VALUES(41,'Main St','41','Fairfax','Va','22032');
INSERT INTO Addresses VALUES(42,'Lee Hwy','42','Fairfax','Va','22032');
INSERT INTO Addresses VALUES(43,'Main St','43','Fairfax','Va','22032');
INSERT INTO Addresses VALUES(44,'Hallow St','44','Fairfax','Va','22032');
INSERT INTO Addresses VALUES(45,'Lee Hwy','45','Fairfax','Va','22032');
INSERT INTO Addresses VALUES(46,'Main St','46','Fairfax','Va','22032');
INSERT INTO Addresses VALUES(47,'Hallow St','47','Fairfax','Va','22032');
INSERT INTO Addresses VALUES(48,'Guinea Rd','48','Fairfax','Va','22032');
INSERT INTO Addresses VALUES(49,'Hallow St','49','Fairfax','Va','22032');
INSERT INTO Addresses VALUES(50,'Guinea Rd','50','Fairfax','Va','22032');

INSERT INTO Phones VALUES(1,'541-542-4564','home');
INSERT INTO Phones VALUES(1,'541-542-4614','work');
INSERT INTO Phones VALUES(2,'541-542-4565','home');
INSERT INTO Phones VALUES(2,'541-542-4615','cell');
INSERT INTO Phones VALUES(3,'541-542-4566','home');
INSERT INTO Phones VALUES(3,'541-542-4616','cell');
INSERT INTO Phones VALUES(4,'541-542-4617','work');
INSERT INTO Phones VALUES(4,'541-542-4567','home');
INSERT INTO Phones VALUES(5,'541-542-4568','cell');
INSERT INTO Phones VALUES(5,'541-542-4618','work');
INSERT INTO Phones VALUES(6,'541-542-4569','home');
INSERT INTO Phones VALUES(7,'541-542-4570','cell');
INSERT INTO Phones VALUES(8,'541-542-4571','home');
INSERT INTO Phones VALUES(9,'541-542-4572','cell');
INSERT INTO Phones VALUES(10,'541-542-4573','home');
INSERT INTO Phones VALUES(11,'541-542-4574','home');
INSERT INTO Phones VALUES(12,'541-542-4575','cell');
INSERT INTO Phones VALUES(13,'541-542-4576','home');
INSERT INTO Phones VALUES(14,'541-542-4577','cell');
INSERT INTO Phones VALUES(15,'541-542-4578','home');
INSERT INTO Phones VALUES(16,'541-542-4579','home');
INSERT INTO Phones VALUES(17,'541-542-4580','cell');
INSERT INTO Phones VALUES(18,'541-542-4581','home');
INSERT INTO Phones VALUES(19,'541-542-4582','home');
INSERT INTO Phones VALUES(20,'541-542-4583','cell');
INSERT INTO Phones VALUES(21,'541-542-4584','cell');
INSERT INTO Phones VALUES(22,'541-542-4585','home');
INSERT INTO Phones VALUES(23,'541-542-4586','cell');
INSERT INTO Phones VALUES(24,'541-542-4587','home');
INSERT INTO Phones VALUES(25,'541-542-4588','cell');
INSERT INTO Phones VALUES(26,'541-542-4589','home');
INSERT INTO Phones VALUES(27,'541-542-4590','cell');
INSERT INTO Phones VALUES(28,'541-542-4591','home');
INSERT INTO Phones VALUES(29,'541-542-4592','cell');
INSERT INTO Phones VALUES(30,'541-542-4593','home');
INSERT INTO Phones VALUES(31,'541-542-4594','cell');
INSERT INTO Phones VALUES(32,'541-542-4595','cell');
INSERT INTO Phones VALUES(33,'541-542-4596','home');
INSERT INTO Phones VALUES(34,'541-542-4597','cell');
INSERT INTO Phones VALUES(35,'541-542-4598','home');
INSERT INTO Phones VALUES(36,'541-542-4599','cell');
INSERT INTO Phones VALUES(37,'541-542-4600','home');
INSERT INTO Phones VALUES(38,'541-542-4601','cell');
INSERT INTO Phones VALUES(39,'541-542-4602','cell');
INSERT INTO Phones VALUES(40,'541-542-4603','cell');
INSERT INTO Phones VALUES(41,'541-542-4604','home');
INSERT INTO Phones VALUES(42,'541-542-4605','cell');
INSERT INTO Phones VALUES(43,'541-542-4606','cell');
INSERT INTO Phones VALUES(44,'541-542-4607','home');
INSERT INTO Phones VALUES(45,'541-542-4608','home');
INSERT INTO Phones VALUES(46,'541-542-4609','cell');
INSERT INTO Phones VALUES(47,'541-542-4610','home');
INSERT INTO Phones VALUES(48,'541-542-4611','cell');
INSERT INTO Phones VALUES(49,'541-542-4612','home');
INSERT INTO Phones VALUES(50,'541-542-4613','home');

INSERT INTO Login VALUES(1,'aaa1','123');
INSERT INTO Login VALUES(2,'aaa2','124');
INSERT INTO Login VALUES(3,'aaa3','125');
INSERT INTO Login VALUES(4,'aaa4','126');
INSERT INTO Login VALUES(5,'aaa5','127');
INSERT INTO Login VALUES(6,'aaa6','128');
INSERT INTO Login VALUES(7,'aaa7','129');
INSERT INTO Login VALUES(8,'aaa8','130');
INSERT INTO Login VALUES(9,'aaa9','131');
INSERT INTO Login VALUES(10,'aaa10','132');
INSERT INTO Login VALUES(11,'aaa11','133');
INSERT INTO Login VALUES(12,'aaa12','134');
INSERT INTO Login VALUES(13,'aaa13','135');
INSERT INTO Login VALUES(14,'aaa14','136');
INSERT INTO Login VALUES(15,'aaa15','137');
INSERT INTO Login VALUES(16,'aaa16','138');
INSERT INTO Login VALUES(17,'aaa17','139');
INSERT INTO Login VALUES(18,'aaa18','140');
INSERT INTO Login VALUES(19,'aaa19','141');
INSERT INTO Login VALUES(20,'aaa20','142');
INSERT INTO Login VALUES(21,'aaa21','143');
INSERT INTO Login VALUES(22,'aaa22','144');
INSERT INTO Login VALUES(23,'aaa23','145');
INSERT INTO Login VALUES(24,'aaa24','146');
INSERT INTO Login VALUES(25,'aaa25','147');
INSERT INTO Login VALUES(26,'aaa26','148');
INSERT INTO Login VALUES(27,'aaa27','149');
INSERT INTO Login VALUES(28,'aaa28','150');
INSERT INTO Login VALUES(29,'aaa29','151');
INSERT INTO Login VALUES(30,'aaa30','152');
INSERT INTO Login VALUES(31,'aaa31','153');
INSERT INTO Login VALUES(32,'aaa32','154');
INSERT INTO Login VALUES(33,'aaa33','155');
INSERT INTO Login VALUES(34,'aaa34','156');
INSERT INTO Login VALUES(35,'aaa35','157');
INSERT INTO Login VALUES(36,'aaa36','158');
INSERT INTO Login VALUES(37,'aaa37','159');
INSERT INTO Login VALUES(38,'aaa38','160');
INSERT INTO Login VALUES(39,'aaa39','161');
INSERT INTO Login VALUES(40,'aaa40','162');
INSERT INTO Login VALUES(41,'aaa41','163');
INSERT INTO Login VALUES(42,'aaa42','164');
INSERT INTO Login VALUES(43,'aaa43','165');
INSERT INTO Login VALUES(44,'aaa44','166');
INSERT INTO Login VALUES(45,'aaa45','167');
INSERT INTO Login VALUES(46,'aaa46','168');
INSERT INTO Login VALUES(47,'aaa47','169');
INSERT INTO Login VALUES(48,'aaa48','170');
INSERT INTO Login VALUES(49,'aaa49','171');
INSERT INTO Login VALUES(50,'aaa50','172');

INSERT INTO Point_Accounts VALUES('111',50,1,10,1);
INSERT INTO Point_Accounts VALUES('222',115,2,5,2);
INSERT INTO Point_Accounts VALUES('333',120,3,14,3);
INSERT INTO Point_Accounts VALUES('444',115,4,9,4);
INSERT INTO Point_Accounts VALUES('555',120,5,5,5);
INSERT INTO Point_Accounts VALUES('666',115,6,14,6);
INSERT INTO Point_Accounts VALUES('777',70,7,3,7);
INSERT INTO Point_Accounts VALUES('888',120,8,8,8);
INSERT INTO Point_Accounts VALUES('999',70,9,9,9);
INSERT INTO Point_Accounts VALUES('1110',120,10,5,10);
INSERT INTO Point_Accounts VALUES('1221',70,11,3,11);
INSERT INTO Point_Accounts VALUES('1332',70,12,14,12);
INSERT INTO Point_Accounts VALUES('1443',115,13,11,13);
INSERT INTO Point_Accounts VALUES('1554',70,14,20,14);
INSERT INTO Point_Accounts VALUES('1665',120,15,9,15);
INSERT INTO Point_Accounts VALUES('1776',70,16,5,16);
INSERT INTO Point_Accounts VALUES('1887',80,17,14,17);
INSERT INTO Point_Accounts VALUES('1998',115,18,7,18);
INSERT INTO Point_Accounts VALUES('2109',50,19,6,19);
INSERT INTO Point_Accounts VALUES('2220',120,20,14,20);
INSERT INTO Point_Accounts VALUES('2331',115,1,5,21);
INSERT INTO Point_Accounts VALUES('2442',80,4,8,22);
INSERT INTO Point_Accounts VALUES('2553',50,2,14,23);
INSERT INTO Point_Accounts VALUES('2664',80,7,8,24);
INSERT INTO Point_Accounts VALUES('2775',115,4,9,25);
INSERT INTO Point_Accounts VALUES('2886',80,8,14,26);
INSERT INTO Point_Accounts VALUES('2997',80,9,3,27);
INSERT INTO Point_Accounts VALUES('3108',120,9,5,28);
INSERT INTO Point_Accounts VALUES('3219',80,4,10,29);
INSERT INTO Point_Accounts VALUES('3330',120,14,5,30);
INSERT INTO Point_Accounts VALUES('3441',50,14,4,31);
INSERT INTO Point_Accounts VALUES('3552',90,3,14,32);
INSERT INTO Point_Accounts VALUES('3663',120,1,5,33);
INSERT INTO Point_Accounts VALUES('3774',90,8,8,34);
INSERT INTO Point_Accounts VALUES('3885',120,14,14,35);
INSERT INTO Point_Accounts VALUES('3996',115,5,5,36);
INSERT INTO Point_Accounts VALUES('4107',120,15,20,37);
INSERT INTO Point_Accounts VALUES('4218',90,5,8,38);
INSERT INTO Point_Accounts VALUES('4329',110,15,5,39);
INSERT INTO Point_Accounts VALUES('4440',50,10,5,40);
INSERT INTO Point_Accounts VALUES('4551',50,16,8,41);
INSERT INTO Point_Accounts VALUES('4662',90,6,20,42);
INSERT INTO Point_Accounts VALUES('4773',110,17,7,43);
INSERT INTO Point_Accounts VALUES('4884',120,16,4,44);
INSERT INTO Point_Accounts VALUES('4995',50,8,14,45);
INSERT INTO Point_Accounts VALUES('5106',115,18,5,46);
INSERT INTO Point_Accounts VALUES('5217',120,5,8,47);
INSERT INTO Point_Accounts VALUES('5328',50,19,14,48);
INSERT INTO Point_Accounts VALUES('5439',90,6,20,49);
INSERT INTO Point_Accounts VALUES('5550',120,20,4,50);

INSERT INTO Transactions VALUES ('a1',TO_DATE('03-08-2022','mm-dd-yyyy'),'10am',5,500,'Kevin Mark','Pay by card',1,'111');
INSERT INTO Transactions VALUES ('a2',TO_DATE('03-08-2022','mm-dd-yyyy'),'10am',1,30,'Kevin Mark','Pay by card',2,'222');
INSERT INTO Transactions VALUES ('a3',TO_DATE('03-08-2022','mm-dd-yyyy'),'4pm',1,40,'Kevin Mark','Pay by card',3,'333');
INSERT INTO Transactions VALUES ('a4',TO_DATE('03-08-2022','mm-dd-yyyy'),'5pm',1,40,'Kevin Mark','Pay by card',4,'444');
INSERT INTO Transactions VALUES ('a5',TO_DATE('03-09-2022','mm-dd-yyyy'),'1pm',1,20,'Johon Handom','Pay by card',5,'555');
INSERT INTO Transactions VALUES ('a6',TO_DATE('03-09-2022','mm-dd-yyyy'),'3pm',1,40,'Johon Handom','Pay by card',6,'666');
INSERT INTO Transactions VALUES ('a7',TO_DATE('03-09-2022','mm-dd-yyyy'),'1pm',1,30,'Johon Handom','Pay by card',7,'777');
INSERT INTO Transactions VALUES ('a8',TO_DATE('03-09-2022','mm-dd-yyyy'),'4.30pm',1,50,'Johon Handom','Pay by card',8,'888');
INSERT INTO Transactions VALUES ('a9',TO_DATE('03-09-2022','mm-dd-yyyy'),'5.27pm',1,10,'Johon Handom','Pay by card',9,'999');
INSERT INTO Transactions VALUES ('a10',TO_DATE('03-09-2022','mm-dd-yyyy'),'8pm',1,20,'Johon Handom','Pay by card',10,'1110');
INSERT INTO Transactions VALUES ('a11',TO_DATE('03-09-2022','mm-dd-yyyy'),'9.30pm',1,40,'Johon Handom','Pay by card',11,'1221');
INSERT INTO Transactions VALUES ('a12',TO_DATE('03-10-2022','mm-dd-yyyy'),'10am',1,30,'Kevin Mark','Pay by card',12,'1332');
INSERT INTO Transactions VALUES ('a13',TO_DATE('03-10-2022','mm-dd-yyyy'),'10am',1,50,'Kevin Mark','Pay by card',13,'1443');
INSERT INTO Transactions VALUES ('a14',TO_DATE('03-10-2022','mm-dd-yyyy'),'1pm',1,40,'Kevin Mark','Pay by card',14,'1554');
INSERT INTO Transactions VALUES ('a15',TO_DATE('03-10-2022','mm-dd-yyyy'),'1pm',1,30,'Kevin Mark','Pay by card',15,'1665');
INSERT INTO Transactions VALUES ('a16',TO_DATE('03-10-2022','mm-dd-yyyy'),'4.30pm',1,70,'Kevin Mark','Pay by card',16,'1776');
INSERT INTO Transactions VALUES ('a17',TO_DATE('03-11-2022','mm-dd-yyyy'),'10am',1,50,'Johon Handom','Pay by card',17,'1887');
INSERT INTO Transactions VALUES ('a18',TO_DATE('03-11-2022','mm-dd-yyyy'),'10am',1,10,'Johon Handom','Pay by card',18,'1998');
INSERT INTO Transactions VALUES ('a19',TO_DATE('03-11-2022','mm-dd-yyyy'),'1pm',1,30,'Johon Handom','Pay by card',19,'2109');
INSERT INTO Transactions VALUES ('a20',TO_DATE('03-11-2022','mm-dd-yyyy'),'4.30pm',1,40,'Johon Handom','Pay by card',20,'2220');


INSERT INTO Products VALUES('0-1','Noodles',3.99,40);
INSERT INTO Products VALUES('0-2','chips',2.99,30);
INSERT INTO Products VALUES('0-3','napkin',1.99,20);
INSERT INTO Products VALUES('0-4','hand washer',1.99,20);
INSERT INTO Products VALUES('0-5','fork',0.99,10);
INSERT INTO Products VALUES('0-6','orange',3.99,40);
INSERT INTO Products VALUES('0-7','dictionary',39.99,400);
INSERT INTO Products VALUES('0-8','bottle water',1.99,20);
INSERT INTO Products VALUES('0-9','notebook',2.99,30);
INSERT INTO Products VALUES('0-10','gift box',5.99,60);
INSERT INTO Products VALUES('0-11','pen',1.99,20);
INSERT INTO Products VALUES('0-12','mouse',6.99,70);
INSERT INTO Products VALUES('0-13','earphones',12.99,130);
INSERT INTO Products VALUES('0-14','mirror',5.99,60);
INSERT INTO Products VALUES('0-15','sticker',2.99,30);
INSERT INTO Products VALUES('0-16','bulb',3.99,40);
INSERT INTO Products VALUES('0-17','trash can',5.99,60);
INSERT INTO Products VALUES('0-18','speakers',15.99,160);
INSERT INTO Products VALUES('0-19','keyboard',50.99,510);
INSERT INTO Products VALUES('0-20','calculator',139.99,1400);

INSERT INTO Transactions_products VALUES('a1','0-1',2);
INSERT INTO Transactions_products VALUES('a2','0-2',1);
INSERT INTO Transactions_products VALUES('a3','0-3',2);
INSERT INTO Transactions_products VALUES('a4','0-4',1);
INSERT INTO Transactions_products VALUES('a5','0-5',1);
INSERT INTO Transactions_products VALUES('a6','0-6',2);
INSERT INTO Transactions_products VALUES('a7','0-7',4);
INSERT INTO Transactions_products VALUES('a8','0-8',2);
INSERT INTO Transactions_products VALUES('a9','0-9',1);
INSERT INTO Transactions_products VALUES('a10','0-10',2);
INSERT INTO Transactions_products VALUES('a11','0-11',3);
INSERT INTO Transactions_products VALUES('a12','0-12',1);
INSERT INTO Transactions_products VALUES('a13','0-7',2);
INSERT INTO Transactions_products VALUES('a14','0-8',1);
INSERT INTO Transactions_products VALUES('a15','0-9',2);
INSERT INTO Transactions_products VALUES('a16','0-10',4);
INSERT INTO Transactions_products VALUES('a17','0-7',2);
INSERT INTO Transactions_products VALUES('a18','0-8',1);
INSERT INTO Transactions_products VALUES('a19','0-9',1);
INSERT INTO Transactions_products VALUES('a20','0-10',1);

INSERT INTO Cards VALUES ('12-001',TO_DATE('08-01-2023','mm-dd-yyyy'),'V',TO_DATE('08-01-2021','mm-dd-yyyy'),1);
INSERT INTO Cards VALUES ('12-002',TO_DATE('08-01-2023','mm-dd-yyyy'),'V',TO_DATE('08-01-2021','mm-dd-yyyy'),3);
INSERT INTO Cards VALUES ('12-003',TO_DATE('08-01-2023','mm-dd-yyyy'),'V',TO_DATE('08-01-2021','mm-dd-yyyy'),4);
INSERT INTO Cards VALUES ('12-004',TO_DATE('08-01-2023','mm-dd-yyyy'),'V',TO_DATE('08-01-2021','mm-dd-yyyy'),5);
INSERT INTO Cards VALUES ('12-005',TO_DATE('08-01-2023','mm-dd-yyyy'),'V',TO_DATE('08-01-2021','mm-dd-yyyy'),7);
INSERT INTO Cards VALUES ('12-006',TO_DATE('08-01-2023','mm-dd-yyyy'),'V',TO_DATE('08-01-2021','mm-dd-yyyy'),10);
INSERT INTO Cards VALUES ('12-007',TO_DATE('08-01-2023','mm-dd-yyyy'),'V',TO_DATE('08-01-2021','mm-dd-yyyy'),11);
INSERT INTO Cards VALUES ('12-008',TO_DATE('08-01-2023','mm-dd-yyyy'),'V',TO_DATE('08-01-2021','mm-dd-yyyy'),13);
INSERT INTO Cards VALUES ('12-009',TO_DATE('08-01-2023','mm-dd-yyyy'),'V',TO_DATE('08-01-2021','mm-dd-yyyy'),14);
INSERT INTO Cards VALUES ('12-010',TO_DATE('08-01-2023','mm-dd-yyyy'),'V',TO_DATE('08-01-2021','mm-dd-yyyy'),15);
INSERT INTO Cards VALUES ('12-011',TO_DATE('08-01-2023','mm-dd-yyyy'),'V',TO_DATE('08-01-2021','mm-dd-yyyy'),17);
INSERT INTO Cards VALUES ('12-012',TO_DATE('08-01-2023','mm-dd-yyyy'),'V',TO_DATE('08-01-2021','mm-dd-yyyy'),19);
INSERT INTO Cards VALUES ('12-013',TO_DATE('08-01-2023','mm-dd-yyyy'),'V',TO_DATE('08-01-2021','mm-dd-yyyy'),20);
INSERT INTO Cards VALUES ('12-014',TO_DATE('08-01-2023','mm-dd-yyyy'),'V',TO_DATE('08-01-2021','mm-dd-yyyy'),22);
INSERT INTO Cards VALUES ('12-015',TO_DATE('08-01-2023','mm-dd-yyyy'),'V',TO_DATE('08-01-2021','mm-dd-yyyy'),23);
INSERT INTO Cards VALUES ('12-016',TO_DATE('08-01-2023','mm-dd-yyyy'),'V',TO_DATE('08-01-2021','mm-dd-yyyy'),25);
INSERT INTO Cards VALUES ('12-017',TO_DATE('08-01-2023','mm-dd-yyyy'),'V',TO_DATE('08-01-2021','mm-dd-yyyy'),26);
INSERT INTO Cards VALUES ('12-018',TO_DATE('08-01-2023','mm-dd-yyyy'),'V',TO_DATE('08-01-2021','mm-dd-yyyy'),27);
INSERT INTO Cards VALUES ('12-019',TO_DATE('08-01-2023','mm-dd-yyyy'),'V',TO_DATE('08-01-2021','mm-dd-yyyy'),31);
INSERT INTO Cards VALUES ('12-020',TO_DATE('08-01-2023','mm-dd-yyyy'),'V',TO_DATE('08-01-2021','mm-dd-yyyy'),33);
INSERT INTO Cards VALUES ('12-021',TO_DATE('08-01-2023','mm-dd-yyyy'),'V',TO_DATE('08-01-2021','mm-dd-yyyy'),34);
INSERT INTO Cards VALUES ('12-022',TO_DATE('08-01-2023','mm-dd-yyyy'),'V',TO_DATE('08-01-2021','mm-dd-yyyy'),36);
INSERT INTO Cards VALUES ('12-023',TO_DATE('08-01-2023','mm-dd-yyyy'),'V',TO_DATE('08-01-2021','mm-dd-yyyy'),38);
INSERT INTO Cards VALUES ('12-024',TO_DATE('08-01-2023','mm-dd-yyyy'),'V',TO_DATE('08-01-2021','mm-dd-yyyy'),40);
INSERT INTO Cards VALUES ('12-025',TO_DATE('08-01-2022','mm-dd-yyyy'),'E',TO_DATE('08-01-2020','mm-dd-yyyy'),43);
INSERT INTO Cards VALUES ('12-026',TO_DATE('08-01-2022','mm-dd-yyyy'),'E',TO_DATE('08-01-2020','mm-dd-yyyy'),45);
INSERT INTO Cards VALUES ('12-027',TO_DATE('08-01-2022','mm-dd-yyyy'),'E',TO_DATE('08-01-2020','mm-dd-yyyy'),47);
INSERT INTO Cards VALUES ('12-028',TO_DATE('08-01-2022','mm-dd-yyyy'),'E',TO_DATE('08-01-2020','mm-dd-yyyy'),48);
INSERT INTO Cards VALUES ('12-029',TO_DATE('08-01-2022','mm-dd-yyyy'),'E',TO_DATE('08-01-2020','mm-dd-yyyy'),49);


INSERT INTO Offers VALUES('Off0001','75% off',TO_DATE('08-01-2020','mm-dd-yyyy'),'All items have discount, buy one get one free.');
INSERT INTO Offers VALUES('Off0002','85% off',TO_DATE('12-01-2020','mm-dd-yyyy'),'All items have discount, buy one get one free.');
INSERT INTO Offers VALUES('Off0003','65% off',TO_DATE('03-01-2021','mm-dd-yyyy'),'All items have discount, buy one get one free.');
INSERT INTO Offers VALUES('Off0004','75% off',TO_DATE('05-01-2021','mm-dd-yyyy'),'All items have discount, buy one get one free.');
INSERT INTO Offers VALUES('Off0005','85% off',TO_DATE('08-01-2021','mm-dd-yyyy'),'All items have discount, buy one get one free.');
INSERT INTO Offers VALUES('Off0006','75% off',TO_DATE('12-01-2021','mm-dd-yyyy'),'All items have discount, buy one get one free.');
INSERT INTO Offers VALUES('Off0007','75% off',TO_DATE('02-01-2022','mm-dd-yyyy'),'All items have discount, buy one get one free.');
INSERT INTO Offers VALUES('Off0008','85% off',TO_DATE('04-01-2022','mm-dd-yyyy'),'All items have discount, buy one get one free.');
INSERT INTO Offers VALUES('Off0009','75% off',TO_DATE('06-01-2022','mm-dd-yyyy'),'All items have discount, buy one get one free.');
INSERT INTO Offers VALUES('Off0010','65% off',TO_DATE('08-01-2022','mm-dd-yyyy'),'All items have discount, buy one get one free.');


INSERT INTO Branches VALUES('AAA1','LoyaltyFirst-1','9am to 10 pm','Fairfax');
INSERT INTO Branches VALUES('AAA2','LoyaltyFirst-2','9am to 10 pm','Annandale');
INSERT INTO Branches VALUES('AAA3','LoyaltyFirst-3','9am to 10 pm','Vienna');
INSERT INTO Branches VALUES('AAA4','LoyaltyFirst-4','9am to 10 pm','Fall Church');
INSERT INTO Branches VALUES('AAA5','LoyaltyFirst-5','9am to 10 pm','Oakton');
INSERT INTO Branches VALUES('AAA6','LoyaltyFirst-6','9am to 10 pm','Centreville');

INSERT INTO Offers_Branches VALUES('Off0001','AAA1');
INSERT INTO Offers_Branches VALUES('Off0001','AAA6');
INSERT INTO Offers_Branches VALUES('Off0002','AAA2');
INSERT INTO Offers_Branches VALUES('Off0003','AAA3');
INSERT INTO Offers_Branches VALUES('Off0003','AAA4');
INSERT INTO Offers_Branches VALUES('Off0004','AAA1');
INSERT INTO Offers_Branches VALUES('Off0005','AAA2');
INSERT INTO Offers_Branches VALUES('Off0005','AAA6');
INSERT INTO Offers_Branches VALUES('Off0006','AAA3');
INSERT INTO Offers_Branches VALUES('Off0007','AAA1');
INSERT INTO Offers_Branches VALUES('Off0007','AAA3');
INSERT INTO Offers_Branches VALUES('Off0008','AAA2');
INSERT INTO Offers_Branches VALUES('Off0009','AAA3');
INSERT INTO Offers_Branches VALUES('Off0009','AAA6');
INSERT INTO Offers_Branches VALUES('Off0010','AAA4');

INSERT INTO ExchgCenters VALUES(2020001,'loyalty-exchange-001','Fairfax');
INSERT INTO ExchgCenters VALUES(2020002,'loyalty-exchange-002','Annandale');
INSERT INTO ExchgCenters VALUES(2020003,'loyalty-exchange-003','Vienna');
INSERT INTO ExchgCenters VALUES(2020004,'loyalty-exchange-004','Fall Church');
INSERT INTO ExchgCenters VALUES(2020005,'loyalty-exchange-005','Centreville');

INSERT INTO Prizes VALUES(11001,50,'free sticker');
INSERT INTO Prizes VALUES(11002,100,'small notebook');
INSERT INTO Prizes VALUES(11003,150,'free hot dog');
INSERT INTO Prizes VALUES(11004,200,'free hand washer');
INSERT INTO Prizes VALUES(11005,250,'free T-shirt');
INSERT INTO Prizes VALUES(11006,300,'free  mouse');
INSERT INTO Prizes VALUES(11007,500,'free speakers');
INSERT INTO Prizes VALUES(11008,1000,'free earphones');
INSERT INTO Prizes VALUES(11009,1500,'$50 gift card');
INSERT INTO Prizes VALUES(11010,5000,'$200  gift card');

INSERT INTO Redemption_History VALUES (1,11001,TO_DATE('11-20-2020','mm-dd-yyyy'),1,'111',2020001);
INSERT INTO Redemption_History VALUES (1,11003,TO_DATE('05-06-2021','mm-dd-yyyy'),1,'111',2020002);
INSERT INTO Redemption_History VALUES (1,11006,TO_DATE('02-06-2021','mm-dd-yyyy'),1,'111',2020003);
INSERT INTO Redemption_History VALUES (3,11002,TO_DATE('08-07-2021','mm-dd-yyyy'),1,'333',2020004);
INSERT INTO Redemption_History VALUES (4,11009,TO_DATE('11-20-2021','mm-dd-yyyy'),1,'444',2020005);
INSERT INTO Redemption_History VALUES (5,11002,TO_DATE('08-07-2022','mm-dd-yyyy'),1,'555',2020005);
INSERT INTO Redemption_History VALUES (7,11001,TO_DATE('03-13-2021','mm-dd-yyyy'),1,'777',2020005);
INSERT INTO Redemption_History VALUES (7,11003,TO_DATE('09-24-2021','mm-dd-yyyy'),1,'777',2020003);
INSERT INTO Redemption_History VALUES (10,11010,TO_DATE('07-31-2021','mm-dd-yyyy'),1,'1110',2020004);
INSERT INTO Redemption_History VALUES (15,11007,TO_DATE('08-07-2021','mm-dd-yyyy'),1,'1665',2020005);
INSERT INTO Redemption_History VALUES (17,11009,TO_DATE('05-28-2021','mm-dd-yyyy'),1,'1887',2020003);
INSERT INTO Redemption_History VALUES (19,11002,TO_DATE('01-05-2022','mm-dd-yyyy'),1,'2109',2020004);
INSERT INTO Redemption_History VALUES (20,11001,TO_DATE('05-28-2021','mm-dd-yyyy'),1,'2220',2020005);
INSERT INTO Redemption_History VALUES (20,11007,TO_DATE('08-07-2021','mm-dd-yyyy'),1,'2220',2020003);
INSERT INTO Redemption_History VALUES (22,11001,TO_DATE('12-01-2021','mm-dd-yyyy'),1,'2442',2020004);
INSERT INTO Redemption_History VALUES (33,11003,TO_DATE('08-07-2021','mm-dd-yyyy'),1,'3663',2020005);
INSERT INTO Redemption_History VALUES (34,11002,TO_DATE('09-08-2021','mm-dd-yyyy'),1,'3774',2020002);
INSERT INTO Redemption_History VALUES (36,11007,TO_DATE('08-07-2021','mm-dd-yyyy'),1,'3996',2020003);
INSERT INTO Redemption_History VALUES (40,11009,TO_DATE('08-07-2021','mm-dd-yyyy'),1,'4440',2020004);
INSERT INTO Redemption_History VALUES (48,11001,TO_DATE('11-20-2021','mm-dd-yyyy'),1,'5328',2020005);














